<i>
  <i image="walk2_0.png" delay="180" x="-28" y="-125"/>
  <i image="walk2_1.png" delay="180" x="-28" y="-125"/>
  <i image="walk2_2.png" delay="180" x="-28" y="-125"/>
  <i image="walk2_3.png" delay="180" x="-28" y="-125"/>
  <i image="stand2_0.png" delay="500" x="-31" y="-125"/>
  <i image="stand2_1.png" delay="500" x="-31" y="-125"/>
  <i image="stand2_2.png" delay="500" x="-31" y="-125"/>
  <i image="stand2_3.png" delay="500" x="-31" y="-125"/>
  <i image="stand2_4.png" delay="500" x="-31" y="-125"/>
  <i image="alert_0.png" delay="500" x="-68" y="-127"/>
  <i image="alert_1.png" delay="500" x="-68" y="-127"/>
  <i image="alert_2.png" delay="500" x="-68" y="-127"/>
  <i image="alert_3.png" delay="500" x="-68" y="-127"/>
  <i image="alert_4.png" delay="500" x="-68" y="-127"/>
  <i image="swingT2_0.png" delay="300" x="-95" y="-125"/>
  <i image="swingT2_1.png" delay="150" x="-95" y="-125"/>
  <i image="swingT2_2.png" delay="350" x="-95" y="-125"/>
  <i image="swingP1_0.png" delay="300" x="-117" y="-117"/>
  <i image="swingP1_1.png" delay="150" x="-117" y="-117"/>
  <i image="swingP1_2.png" delay="350" x="-117" y="-117"/>
  <i image="swingP2_0.png" delay="300" x="-91" y="-125"/>
  <i image="swingP2_1.png" delay="150" x="-91" y="-125"/>
  <i image="swingP2_2.png" delay="350" x="-91" y="-125"/>
  <i image="swingPF_0.png" delay="100" x="-131" y="-155"/>
  <i image="swingPF_1.png" delay="200" x="-131" y="-155"/>
  <i image="swingPF_2.png" delay="200" x="-131" y="-155"/>
  <i image="swingPF_3.png" delay="200" x="-131" y="-155"/>
  <i image="stabT1_0.png" delay="300" x="-128" y="-123"/>
  <i image="stabT1_1.png" delay="100" x="-128" y="-123"/>
  <i image="stabT1_2.png" delay="350" x="-128" y="-123"/>
  <i image="stabT2_0.png" delay="300" x="-109" y="-130"/>
  <i image="stabT2_1.png" delay="100" x="-109" y="-130"/>
  <i image="stabT2_2.png" delay="350" x="-109" y="-130"/>
  <i image="stabTF_0.png" delay="100" x="-128" y="-153"/>
  <i image="stabTF_1.png" delay="200" x="-128" y="-153"/>
  <i image="stabTF_2.png" delay="200" x="-128" y="-153"/>
  <i image="stabTF_3.png" delay="200" x="-128" y="-153"/>
  <i image="proneStab_0.png" delay="300" x="-125" y="-106"/>
  <i image="proneStab_1.png" delay="400" x="-125" y="-106"/>
  <i image="prone_0.png" delay="100" x="-110" y="-106"/>
  <i image="fly_0.png" delay="300" x="-30" y="-130"/>
  <i image="fly_1.png" delay="300" x="-30" y="-130"/>
  <i image="jump_0.png" delay="200" x="-29" y="-123"/>
  <i image="sit_0.png" delay="100" x="-22" y="-126"/>
  <i image="ladder_0.png" delay="250" x="-21" y="-123"/>
  <i image="ladder_1.png" delay="250" x="-21" y="-123"/>
  <i image="rope_0.png" delay="250" x="-19" y="-125"/>
  <i image="rope_1.png" delay="250" x="-19" y="-125"/>
</i>